{
  "n": 100,
  "pass_rate": 0.24,
  "field_recall": 0.4823129925629926,
  "decl_recall": 0.5055458152958152,
  "avg_elapsed_s": 1.5063980555534362,
  "per_difficulty": {
    "easy": {
      "n": 40,
      "pass_rate": 0.375,
      "field_recall": 0.5535714285714286,
      "decl_recall": 0.4854166666666667
    },
    "schema_aware": {
      "n": 30,
      "pass_rate": 0.3,
      "field_recall": 0.6783333333333333,
      "decl_recall": 0.7
    },
    "open_ended": {
      "n": 30,
      "pass_rate": 0.0,
      "field_recall": 0.1912814037814038,
      "decl_recall": 0.33793049543049547
    }
  }
}