{
  "n": 100,
  "pass_rate": 0.8,
  "field_recall": 0.5513712953712954,
  "decl_recall": 0.8186794316794317,
  "avg_elapsed_s": 6.728336775302887,
  "per_difficulty": {
    "easy": {
      "n": 40,
      "pass_rate": 0.9,
      "field_recall": 0.6175595238095238,
      "decl_recall": 0.7245833333333334
    },
    "schema_aware": {
      "n": 30,
      "pass_rate": 0.9666666666666667,
      "field_recall": 0.7211111111111111,
      "decl_recall": 1.0
    },
    "open_ended": {
      "n": 30,
      "pass_rate": 0.5,
      "field_recall": 0.2933805083805084,
      "decl_recall": 0.7628203278203277
    }
  }
}