{
  "n": 100,
  "pass_rate": 0.72,
  "field_recall": 0.5735855810855811,
  "decl_recall": 0.8185722888222888,
  "avg_elapsed_s": 2.592271156311035,
  "per_difficulty": {
    "easy": {
      "n": 40,
      "pass_rate": 0.9,
      "field_recall": 0.6169642857142856,
      "decl_recall": 0.7445833333333333
    },
    "schema_aware": {
      "n": 30,
      "pass_rate": 0.9,
      "field_recall": 0.7988888888888889,
      "decl_recall": 0.9833333333333333
    },
    "open_ended": {
      "n": 30,
      "pass_rate": 0.3,
      "field_recall": 0.2904440004440004,
      "decl_recall": 0.752463184963185
    }
  }
}