{
  "n": 100,
  "pass_rate": 0.87,
  "field_recall": 0.6226784881784881,
  "decl_recall": 0.8495243090243091,
  "avg_elapsed_s": 7.049954841136932,
  "per_difficulty": {
    "easy": {
      "n": 40,
      "pass_rate": 0.925,
      "field_recall": 0.6788690476190476,
      "decl_recall": 0.8675
    },
    "schema_aware": {
      "n": 30,
      "pass_rate": 0.9666666666666667,
      "field_recall": 0.7611111111111111,
      "decl_recall": 0.9666666666666667
    },
    "open_ended": {
      "n": 30,
      "pass_rate": 0.7,
      "field_recall": 0.40932511932511934,
      "decl_recall": 0.7084143634143634
    }
  }
}