{
  "n": 100,
  "pass_rate": 0.95,
  "field_recall": 0.6293527306027307,
  "decl_recall": 0.8383231490731491,
  "avg_elapsed_s": 1.1732172322273255,
  "per_difficulty": {
    "easy": {
      "n": 40,
      "pass_rate": 0.975,
      "field_recall": 0.685297619047619,
      "decl_recall": 0.8529166666666667
    },
    "schema_aware": {
      "n": 30,
      "pass_rate": 0.9666666666666667,
      "field_recall": 0.8066666666666666,
      "decl_recall": 0.9666666666666667
    },
    "open_ended": {
      "n": 30,
      "pass_rate": 0.9,
      "field_recall": 0.37744560994560994,
      "decl_recall": 0.690521608021608
    }
  }
}