{
  "n": 100,
  "pass_rate": 0.19,
  "field_recall": 0.4953629981129981,
  "decl_recall": 0.45805710955710954,
  "avg_elapsed_s": 2.055973229408264,
  "per_difficulty": {
    "easy": {
      "n": 40,
      "pass_rate": 0.175,
      "field_recall": 0.5139880952380953,
      "decl_recall": 0.5320833333333332
    },
    "schema_aware": {
      "n": 30,
      "pass_rate": 0.4,
      "field_recall": 0.7611111111111111,
      "decl_recall": 0.5333333333333333
    },
    "open_ended": {
      "n": 30,
      "pass_rate": 0.0,
      "field_recall": 0.2047814222814223,
      "decl_recall": 0.28407925407925405
    }
  }
}