{
  "n": 100,
  "pass_rate": 0.3,
  "field_recall": 0.5265772838272837,
  "decl_recall": 0.3455437617937618,
  "avg_elapsed_s": 5.90190728187561,
  "per_difficulty": {
    "easy": {
      "n": 40,
      "pass_rate": 0.275,
      "field_recall": 0.6014880952380952,
      "decl_recall": 0.2125
    },
    "schema_aware": {
      "n": 30,
      "pass_rate": 0.6333333333333333,
      "field_recall": 0.7322222222222222,
      "decl_recall": 0.65
    },
    "open_ended": {
      "n": 30,
      "pass_rate": 0.0,
      "field_recall": 0.22105126355126356,
      "decl_recall": 0.21847920597920598
    }
  }
}