{
  "n": 100,
  "pass_rate": 0.55,
  "field_recall": 0.5883894161394161,
  "decl_recall": 0.7417901820401821,
  "avg_elapsed_s": 1.0716224098205567,
  "per_difficulty": {
    "easy": {
      "n": 40,
      "pass_rate": 0.725,
      "field_recall": 0.6071428571428571,
      "decl_recall": 0.655
    },
    "schema_aware": {
      "n": 30,
      "pass_rate": 0.23333333333333334,
      "field_recall": 0.7877777777777778,
      "decl_recall": 0.8833333333333333
    },
    "open_ended": {
      "n": 30,
      "pass_rate": 0.6333333333333333,
      "field_recall": 0.3639964664964665,
      "decl_recall": 0.7159672734672734
    }
  }
}