{
  "n": 100,
  "pass_rate": 0.73,
  "field_recall": 0.6054784937284937,
  "decl_recall": 0.74447668997669,
  "avg_elapsed_s": 1.0526892113685609,
  "per_difficulty": {
    "easy": {
      "n": 40,
      "pass_rate": 0.775,
      "field_recall": 0.6607142857142857,
      "decl_recall": 0.73125
    },
    "schema_aware": {
      "n": 30,
      "pass_rate": 0.8666666666666667,
      "field_recall": 0.76,
      "decl_recall": 0.85
    },
    "open_ended": {
      "n": 30,
      "pass_rate": 0.5333333333333333,
      "field_recall": 0.3773092648092648,
      "decl_recall": 0.6565889665889666
    }
  }
}