{
  "n": 100,
  "pass_rate": 0.67,
  "field_recall": 0.5352687312687313,
  "decl_recall": 0.7655073537573537,
  "avg_elapsed_s": 1.8451663374900817,
  "per_difficulty": {
    "easy": {
      "n": 40,
      "pass_rate": 0.7,
      "field_recall": 0.6264880952380952,
      "decl_recall": 0.6741666666666666
    },
    "schema_aware": {
      "n": 30,
      "pass_rate": 0.8666666666666667,
      "field_recall": 0.6866666666666668,
      "decl_recall": 0.9833333333333333
    },
    "open_ended": {
      "n": 30,
      "pass_rate": 0.43333333333333335,
      "field_recall": 0.26224497724497725,
      "decl_recall": 0.669468956968957
    }
  }
}